<?xml version='1.0' encoding='utf-8'?>
<!DOCTYPE hibernate-configuration PUBLIC
    "-//Hibernate/Hibernate Configuration DTD//EN"
    "http://www.hibernate.org/dtd/hibernate-configuration-3.0.dtd">

<hibernate-configuration>
	<session-factory name="hibernateSessionFactory">
	<property name="hibernate.connection.driver_class">com.mysql.jdbc.Driver</property>
  	<property name="hibernate.connection.password">Alpha@001</property>
  	<property name="hibernate.connection.url">jdbc:mysql://localhost:3306/mydb</property>
  	<property name="hibernate.connection.username">root</property>
	<property name="hibernate.dialect">org.hibernate.dialect.MySQL5Dialect</property>
	<property name="hibernate.hbm2ddl.auto">update</property>
	<property name="hibernate.show_sql">true</property>
	<property name="hibernate.format_sql">true</property>
		
		<mapping class="com.entities.Employee"/>
		<mapping class="com.entities.Department"/>
	</session-factory>
</hibernate-configuration>
